INSERT INTO users (name, surname, login, password)
VALUES ('One', 'First', 'One', 'First'),
       ('Two', 'Second', 'Two', 'Second'),
       ('Three', 'Third', 'Three', 'Third');

INSERT INTO news (id, title, short_text, full_text, creation_date, modification_date)
VALUES (1,
        'The first news',
        'This is the short text of the first news',
        'This is the very long full text of the first news',
        '2018-01-01',
        '2018-02-02'),
       (2,
        'The second news',
        'This is the short text of the second news',
        'This is the very long full text of the second news',
        '2018-02-02',
        '2018-03-03'),
       (3,
        'The third news',
        'This is the short text of the third news',
        'This is the very long full text of the third news',
        '2018-03-03',
        '2018-04-04'),
       (4,
        'The fourth news',
        'This is the short text of the fourth news',
        'This is the very long full text of the fourth news',
        '2018-04-04',
        '2018-05-05'),
       (5,
        'The fifth news',
        'This is the short text of the fifth news',
        'This is the very long full text of the fifth news',
        '2018-05-05',
        '2018-06-06'),
       (6,
        'The sixth news',
        'This is the short text of the sixth news',
        'This is the very long full text of the sixth news',
        '2018-06-06',
        '2018-07-07'),
       (7,
        'The seventh news',
        'This is the short text of the seventh news',
        'This is the very long full text of the seventh news',
        '2018-07-07',
        '2018-08-08'),
       (8,
        'The eighth news',
        'This is the short text of the eighth news',
        'This is the very long full text of the eighth news',
        '2018-08-08',
        '2018-09-09'),
       (9,
        'The ninth news',
        'This is the short text of the ninth news',
        'This is the very long full text of the ninth news',
        '2018-09-09',
        '2018-10-10'),
       (10,
        'The tenth news',
        'This is the short text of the tenth news',
        'This is the very long full text of the tenth news',
        '2018-10-10',
        '2018-11-11'),
       (11,
        'The eleventh news',
        'This is the short text of the eleventh news',
        'This is the very long full text of the eleventh news',
        '2018-01-01',
        '2018-02-02'),
       (12,
        'The twelfth news',
        'This is the short text of the twelfth news',
        'This is the very long full text of the twelfth news',
        '2018-02-02',
        '2018-03-03'),
       (13,
        'The thirteenth news',
        'This is the short text of the thirteenth news',
        'This is the very long full text of the thirteenth news',
        '2018-03-03',
        '2018-04-04'),
       (14,
        'The fourteenth news',
        'This is the short text of the fourteenth news',
        'This is the very long full text of the fourteenth news',
        '2018-04-04',
        '2018-05-05'),
       (15,
        'The fifteenth news',
        'This is the short text of the fifteenth news',
        'This is the very long full text of the fifteenth news',
        '2018-05-05',
        '2018-06-06'),
       (16,
        'The sixteenth news',
        'This is the short text of the sixteenth news',
        'This is the very long full text of the sixteenth news',
        '2018-06-06',
        '2018-07-07'),
       (17,
        'The seventeenth news',
        'This is the short text of the seventeenth news',
        'This is the very long full text of the seventeenth news',
        '2018-07-07',
        '2018-08-08'),
       (18,
        'The eighteenth news',
        'This is the short text of the eighteenth news',
        'This is the very long full text of the eighteenth news',
        '2018-08-08',
        '2018-09-09'),
       (19,
        'The nineteenth news',
        'This is the short text of the nineteenth news',
        'This is the very long full text of the nineteenth news',
        '2018-09-09',
        '2018-10-10'),
       (20,
        'The twentieth news',
        'This is the short text of the twentieth news',
        'This is the very long full text of the twentieth news',
        '2018-10-10',
        '2018-11-11');


INSERT INTO author (id, name, surname)
VALUES (1, 'Authorone', 'Firstauthor'),
       (2, 'Authortwo', 'Secondauthor'),
       (3, 'Authorthree', 'Thirdauthor'),
       (4, 'Authorfour', 'Fourthauthor'),
       (5, 'Authorfive', 'Fifthauthor'),
       (6, 'Authorsix', 'Sixthauthor'),
       (7, 'Authorseven', 'Seventhauthor'),
       (8, 'Authoreight', 'Eighthauthor'),
       (9, 'Authornine', 'Ninthauthor'),
       (10, 'Authorten', 'Tenthauthor'),
       (11, 'Authoreleven', 'Eleventhauthor'),
       (12, 'Authortwelve', 'Twelfthauthor'),
       (13, 'Authorthirteen', 'Thirteenthauthor'),
       (14, 'Authorfourteen', 'Fourteenthauthor'),
       (15, 'Authorfifteen', 'Fifteenthauthor'),
       (16, 'Authorsixteen', 'Sixteenthauthor'),
       (17, 'Authorseventeen', 'Seventeethauthor'),
       (18, 'Authoreightteen', 'Eighteenthauthor'),
       (19, 'Authornineteen', 'Nintheenthauthor'),
       (20, 'Authortwenteen', 'Twentiethauthor');

INSERT INTO tag (id, name)
VALUES (1, 'TagOne'),
       (2, 'TagTwo'),
       (3, 'TagThree'),
       (4, 'TagFour'),
       (5, 'TagFive'),
       (6, 'TagSix'),
       (7, 'TagSeven'),
       (8, 'TagEight'),
       (9, 'TagNine'),
       (10, 'TagTen'),
       (11, 'TagEleven'),
       (12, 'TagTwelve'),
       (13, 'TagThirteen'),
       (14, 'TagFourteen'),
       (15, 'TagFifteen'),
       (16, 'TagSixteen'),
       (17, 'TagSeventeen'),
       (18, 'TagEighteen'),
       (19, 'TagNineteen'),
       (20, 'TagTwenty');

INSERT INTO news_tag (news_id, tag_id)
VALUES (1, 1),
       (1, 2),
       (1, 3),
       (2, 2),
       (2, 3),
       (2, 4),
       (3, 3),
       (3, 4),
       (3, 5),
       (4, 4),
       (4, 5),
       (4, 6),
       (5, 5),
       (5, 6),
       (5, 7),
       (6, 6),
       (6, 7),
       (6, 8),
       (7, 7),
       (7, 8),
       (7, 9),
       (8, 8),
       (8, 9),
       (8, 10),
       (9, 9),
       (9, 10),
       (9, 11),
       (10, 10),
       (10, 11),
       (10, 12),
       (11, 11),
       (11, 12),
       (11, 13),
       (12, 12),
       (12, 13),
       (12, 14),
       (13, 13),
       (13, 14),
       (13, 15),
       (14, 14),
       (14, 15),
       (14, 16),
       (15, 15),
       (15, 16),
       (15, 17),
       (16, 16),
       (16, 17),
       (16, 18),
       (17, 17),
       (17, 18),
       (17, 19),
       (18, 18),
       (18, 19),
       (18, 20),
       (19, 19),
       (19, 20),
       (19, 1),
       (20, 20),
       (20, 1),
       (20, 2);

INSERT INTO news_author (news_id, author_id)
VALUES (1, 1),
       (2, 2),
       (3, 3),
       (4, 4),
       (5, 5),
       (6, 6),
       (7, 7),
       (8, 8),
       (9, 9),
       (10, 10),
       (11, 11),
       (12, 12),
       (13, 13),
       (14, 14),
       (15, 15),
       (16, 16),
       (17, 17),
       (18, 18),
       (19, 19),
       (20, 20);
	

	
